{
  "BGE_seq": {
    "avg_req_latency": 74.54618252813816,
    "p95_req_latency": 74.54618252813816,
    "avg_chunk_latency": 74.54618252813816,
    "throughput_tokens": 4059.6164147744234,
    "throughput_chunks": 13.414503145382938,
    "total_time": 19.08382272720337,
    "cpu_avg": 11.223880597014926,
    "cpu_peak": 19.1,
    "gpu0_avg": 0.0,
    "gpu0_peak": 0.0,
    "vram0_avg": 0.0,
    "vram0_peak": 0.0,
    "gpu1_avg": 3.388059701492537,
    "gpu1_peak": 12.0,
    "vram1_avg": 53.0,
    "vram1_peak": 53.0
  },
  "BGE_batch_8": {
    "avg_req_latency": 626.5815272927284,
    "p95_req_latency": 626.5815272927284,
    "avg_chunk_latency": 78.32269091159105,
    "throughput_tokens": 3863.8726878217312,
    "throughput_chunks": 12.767692074430617,
    "total_time": 20.05060887336731,
    "cpu_avg": 11.370422535211267,
    "cpu_peak": 18.1,
    "gpu0_avg": 0.0,
    "gpu0_peak": 0.0,
    "vram0_avg": 0.0,
    "vram0_peak": 0.0,
    "gpu1_avg": 2.887323943661972,
    "gpu1_peak": 8.0,
    "vram1_avg": 53.0,
    "vram1_peak": 53.0
  },
  "BGE_batch_32": {
    "avg_req_latency": 3107.8417003154755,
    "p95_req_latency": 3107.8417003154755,
    "avg_chunk_latency": 97.12005313485861,
    "throughput_tokens": 3116.0290432479137,
    "throughput_chunks": 10.29653472915036,
    "total_time": 24.862733602523804,
    "cpu_avg": 10.223863636363637,
    "cpu_peak": 20.3,
    "gpu0_avg": 0.0,
    "gpu0_peak": 0.0,
    "vram0_avg": 0.0,
    "vram0_peak": 0.0,
    "gpu1_avg": 3.5,
    "gpu1_peak": 8.0,
    "vram1_avg": 53.0,
    "vram1_peak": 53.0
  },
  "BGE_batch_128": {
    "avg_req_latency": 17090.264320373535,
    "p95_req_latency": 17090.264320373535,
    "avg_chunk_latency": 133.51769000291824,
    "throughput_tokens": 2266.5828493841195,
    "throughput_chunks": 7.48964425596446,
    "total_time": 34.18052864074707,
    "cpu_avg": 9.815,
    "cpu_peak": 22.9,
    "gpu0_avg": 0.0,
    "gpu0_peak": 0.0,
    "vram0_avg": 0.0,
    "vram0_peak": 0.0,
    "gpu1_avg": 2.908333333333333,
    "gpu1_peak": 7.0,
    "vram1_avg": 53.0,
    "vram1_peak": 53.0
  },
  "Nomic_seq": {
    "avg_req_latency": 24.924391880631447,
    "p95_req_latency": 33.09863805770874,
    "avg_chunk_latency": 24.924391880631447,
    "throughput_tokens": 12060.737285298845,
    "throughput_chunks": 40.11835533629376,
    "total_time": 6.381119012832642,
    "cpu_avg": 3.534782608695652,
    "cpu_peak": 4.5,
    "gpu0_avg": 0.0,
    "gpu0_peak": 0.0,
    "vram0_avg": 0.0,
    "vram0_peak": 0.0,
    "gpu1_avg": 85.8695652173913,
    "gpu1_peak": 96.0,
    "vram1_avg": 53.0,
    "vram1_peak": 53.0
  },
  "Nomic_batch_8": {
    "avg_req_latency": 160.98494082689285,
    "p95_req_latency": 241.29328727722168,
    "avg_chunk_latency": 20.123708993196487,
    "throughput_tokens": 14939.040628724952,
    "throughput_chunks": 49.692628746424646,
    "total_time": 5.151669502258301,
    "cpu_avg": 4.063157894736842,
    "cpu_peak": 7.1,
    "gpu0_avg": 0.0,
    "gpu0_peak": 0.0,
    "vram0_avg": 0.0,
    "vram0_peak": 0.0,
    "gpu1_avg": 91.10526315789474,
    "gpu1_peak": 99.0,
    "vram1_avg": 53.0,
    "vram1_peak": 53.0
  },
  "Nomic_batch_32": {
    "avg_req_latency": 609.1335713863373,
    "p95_req_latency": 656.4631462097168,
    "avg_chunk_latency": 19.035539589822292,
    "throughput_tokens": 15793.033070138808,
    "throughput_chunks": 52.53331513306136,
    "total_time": 4.873098134994507,
    "cpu_avg": 6.111111111111111,
    "cpu_peak": 11.7,
    "gpu0_avg": 0.0,
    "gpu0_peak": 0.0,
    "vram0_avg": 0.0,
    "vram0_peak": 0.0,
    "gpu1_avg": 88.88888888888889,
    "gpu1_peak": 99.0,
    "vram1_avg": 53.0,
    "vram1_peak": 53.0
  },
  "Nomic_batch_128": {
    "avg_req_latency": 2395.0072526931763,
    "p95_req_latency": 2405.2825808525085,
    "avg_chunk_latency": 18.711037002503872,
    "throughput_tokens": 16066.929171791518,
    "throughput_chunks": 53.44439219836838,
    "total_time": 4.790025472640991,
    "cpu_avg": 3.4722222222222223,
    "cpu_peak": 4.9,
    "gpu0_avg": 0.0,
    "gpu0_peak": 0.0,
    "vram0_avg": 0.0,
    "vram0_peak": 0.0,
    "gpu1_avg": 84.11111111111111,
    "gpu1_peak": 99.0,
    "vram1_avg": 53.0,
    "vram1_peak": 53.0
  }
}